Id,Plate,Well_ID,Time,Row,Col,Barcode,Cell,Treatment_Metadata,Control
1,Plate1,A1,6hr,A,1,AACAAGGTAC,H1299,none,negative
2,Plate1,A2,6hr,A,2,AACACCTAGT,H1299,none,negative
3,Plate1,A3,6hr,A,3,AATCCTACCA,H1299,none,negative
4,Plate1,A4,6hr,A,4,AATGAACACG,H1299,none,negative
5,Plate1,A5,6hr,A,5,ACGCCTTCGT,H1299,none,negative
6,Plate1,A6,6hr,A,6,ACGGTCCGTT,H1299,none,negative
7,Plate1,A7,6hr,A,7,AGGAGGCATA,H1299,none,negative
8,Plate1,A8,6hr,A,8,AGGTATCCTC,H1299,none,negative
9,Plate1,A9,6hr,A,9,ATGGACCAAC,HCT-116,10,negative
10,Plate1,A10,6hr,A,10,ATGGTGAGCG,HCT-116,UTR,negative
11,Plate1,A11,6hr,A,11,CCATTCAGCG,HCT-116,0.1,negative
12,Plate1,A12,6hr,A,12,CCGAACCTAA,HCT-116,10,negative
13,Plate1,A13,24hr,A,13,CGCTTACTAA,H1299,none,negative
14,Plate1,A14,24hr,A,14,CGGAAGCTGT,H1299,none,negative
15,Plate1,A15,24hr,A,15,CTGTCGCTTC,H1299,none,negative
16,Plate1,A16,24hr,A,16,CTGTGCAACA,H1299,none,negative
17,Plate1,A17,24hr,A,17,GCAATGTAAG,H1299,none,negative
18,Plate1,A18,24hr,A,18,GCACTCGGAA,H1299,none,negative
19,Plate1,A19,24hr,A,19,GGTTATGGCG,H1299,none,negative
20,Plate1,A20,24hr,A,20,GGTTGTGCAA,H1299,none,negative
21,Plate1,A21,24hr,A,21,TAGCGAACGC,HCT-116,10,negative
22,Plate1,A22,24hr,A,22,TAGGACGCCT,HCT-116,UTR,negative
23,Plate1,A23,24hr,A,23,TGAACTAACC,HCT-116,0.1,negative
24,Plate1,A24,24hr,A,24,TGAAGATCCA,HCT-116,10,negative
25,Plate1,B1,6hr,B,1,AACAATCAGG,H1299,0.1,sample
26,Plate1,B2,6hr,B,2,AACAGGCAAT,H1299,10,sample
27,Plate1,B3,6hr,B,3,AATCGTCCGC,H1299,UTR,sample
28,Plate1,B4,6hr,B,4,AATGACCTTC,H1299,"0,1",sample
29,Plate1,B5,6hr,B,5,ACGCTGGATA,H1299,10,sample
30,Plate1,B6,6hr,B,6,ACGTAGGCAC,H1299,UTR,sample
31,Plate1,B7,6hr,B,7,AGGCGTCTGT,H1299,0.1,sample
32,Plate1,B8,6hr,B,8,AGGTCACCAA,H1299,10,sample
33,Plate1,B9,6hr,B,9,ATGGTCTTAG,HCT-116,0.1,sample
34,Plate1,B10,6hr,B,10,ATGTGGAAGC,HCT-116,10,sample
35,Plate1,B11,6hr,B,11,CCGAACAAGC,HCT-116,UTR,sample
36,Plate1,B12,6hr,B,12,CCGAAGACCT,HCT-116,0.1,sample
37,Plate1,B13,24hr,B,13,CGCTTCTTGG,H1299,0.1,sample
38,Plate1,B14,24hr,B,14,CGGAATACAC,H1299,10,sample
39,Plate1,B15,24hr,B,15,CTGTCTGTGT,H1299,UTR,sample
40,Plate1,B16,24hr,B,16,CTTATGTTGC,H1299,"0,1",sample
41,Plate1,B17,24hr,B,17,GCACACTATA,H1299,10,sample
42,Plate1,B18,24hr,B,18,GCACTGCGTT,H1299,UTR,sample
43,Plate1,B19,24hr,B,19,GGTTCACTGG,H1299,0.1,sample
44,Plate1,B20,24hr,B,20,GTAACCAGTA,H1299,10,sample
45,Plate1,B21,24hr,B,21,TAGCGCCAAC,HCT-116,0.1,sample
46,Plate1,B22,24hr,B,22,TAGGTTGCAA,HCT-116,10,sample
47,Plate1,B23,24hr,B,23,TGAAGAAGGT,HCT-116,UTR,sample
48,Plate1,B24,24hr,B,24,TGACCTGAGA,HCT-116,0.1,sample
49,Plate1,C1,6hr,C,1,AACATGGAGA,H1299,Cisp_H,positive
50,Plate1,C2,6hr,C,2,AACCAGCCAG,H1299,Cisp_L,positive
51,Plate1,C3,6hr,C,3,AATGAGAGCA,H1299,Cisp_M,positive
52,Plate1,C4,6hr,C,4,AATTAGGCCG,H1299,untreated,positive
53,Plate1,C5,6hr,C,5,ACGTGCTGAT,H1299,Doc_H,positive
54,Plate1,C6,6hr,C,6,ACTGGCGCAT,H1299,Doc_L,positive
55,Plate1,C7,6hr,C,7,AGTAACTCAC,H1299,Doc_M,positive
56,Plate1,C8,6hr,C,8,AGTCCACGTA,H1299,untreated,positive
57,Plate1,C9,6hr,C,9,ATTATCGGAC,HCT-116,5-FU_H,positive
58,Plate1,C10,6hr,C,10,CAACAATCCA,HCT-116,5-FU_L,positive
59,Plate1,C11,6hr,C,11,CCGAATAGTG,HCT-116,5-FU_M,positive
60,Plate1,C12,6hr,C,12,CCGATCCACT,HCT-116,untreated,positive
61,Plate1,C13,24hr,C,13,CGGAGATTGG,H1299,Cisp_H,positive
62,Plate1,C14,24hr,C,14,CGGATCGGTA,H1299,Cisp_L,positive
63,Plate1,C15,24hr,C,15,CTTCATATCG,H1299,Cisp_M,positive
64,Plate1,C16,24hr,C,16,CTTGGATCTT,H1299,untreated,positive
65,Plate1,C17,24hr,C,17,GCACTTAATC,H1299,Doc_H,positive
66,Plate1,C18,24hr,C,18,GCAGTACTGG,H1299,Doc_L,positive
67,Plate1,C19,24hr,C,19,GTAACCTTGG,H1299,Doc_M,positive
68,Plate1,C20,24hr,C,20,GTAAGGCTCC,H1299,untreated,positive
69,Plate1,C21,24hr,C,21,TAGTAGTCTC,HCT-116,5-FU_H,positive
70,Plate1,C22,24hr,C,22,TAGTGGAACT,HCT-116,5-FU_L,positive
71,Plate1,C23,24hr,C,23,TGAGCGTTCC,HCT-116,5-FU_M,positive
72,Plate1,C24,24hr,C,24,TGCGCTCATT,HCT-116,untreated,positive
73,Plate1,D1,6hr,D,1,AACATTACCG,H1299,Carbo_H,sample
74,Plate1,D2,6hr,D,2,AACCAGTTGA,H1299,Carbo_L,sample
75,Plate1,D3,6hr,D,3,AATGTCAGTG,H1299,Carbo_M,sample
76,Plate1,D4,6hr,D,4,AATTGCGATG,H1299,untreated,sample
77,Plate1,D5,6hr,D,5,ACTCCAAGCC,H1299,Gem_H,sample
78,Plate1,D6,6hr,D,6,ACTGGCTTCC,H1299,Gem_L,sample
79,Plate1,D7,6hr,D,7,AGTAAGCGTT,H1299,Gem_M,sample
80,Plate1,D8,6hr,D,8,AGTCTCGGCA,H1299,untreated,sample
81,Plate1,D9,6hr,D,9,ATTCGGAACA,HCT-116,Oxa_H,sample
82,Plate1,D10,6hr,D,10,CAAGAAGCAT,HCT-116,Oxa_L,sample
83,Plate1,D11,6hr,D,11,CCGACTTCTC,HCT-116,Oxa_M,sample
84,Plate1,D12,6hr,D,12,CCGATGATAC,HCT-116,untreated,sample
85,Plate1,D13,24hr,D,13,CGGAGCTCAA,H1299,Carbo_H,sample
86,Plate1,D14,24hr,D,14,CGGATTCTAG,H1299,Carbo_L,sample
87,Plate1,D15,24hr,D,15,CTTGCTGACG,H1299,Carbo_M,sample
88,Plate1,D16,24hr,D,16,GAAGAGTTCT,H1299,untreated,sample
89,Plate1,D17,24hr,D,17,GCAGGAGATG,H1299,Gem_H,sample
90,Plate1,D18,24hr,D,18,GCATATGAGT,H1299,Gem_L,sample
91,Plate1,D19,24hr,D,19,GTAAGAACCT,H1299,Gem_M,sample
92,Plate1,D20,24hr,D,20,GTAATCCACG,H1299,untreated,sample
93,Plate1,D21,24hr,D,21,TAGTCCGCTG,HCT-116,Oxa_H,sample
94,Plate1,D22,24hr,D,22,TATCATGCAG,HCT-116,Oxa_L,sample
95,Plate1,D23,24hr,D,23,TGAGTACGTA,HCT-116,Oxa_M,sample
96,Plate1,D24,24hr,D,24,TGCGTGCTCA,HCT-116,untreated,sample
97,Plate1,E1,6hr,E,1,AACCGCGACT,H1299,Pac_H,sample
98,Plate1,E2,6hr,E,2,AACCGGCGTA,H1299,Pac_L,sample
99,Plate1,E3,6hr,E,3,ACAACAGTCG,H1299,Pac_M,sample
100,Plate1,E4,6hr,E,4,ACAACGGAGC,H1299,untreated,sample
101,Plate1,E5,6hr,E,5,ACTTAACTGC,H1299,Peme_H,sample
102,Plate1,E6,6hr,E,6,ACTTCGTTGA,H1299,Peme_L,sample
103,Plate1,E7,6hr,E,7,AGTCTGTACG,H1299,Peme_M,sample
104,Plate1,E8,6hr,E,8,ATAACGCCTC,H1299,untreated,sample
105,Plate1,E9,6hr,E,9,CAAGATGAGG,HCT-116,Irin_H,sample
106,Plate1,E10,6hr,E,10,CAAGTGGATC,HCT-116,Irin_L,sample
107,Plate1,E11,6hr,E,11,CCGCGTTATG,HCT-116,Irin_M,sample
108,Plate1,E12,6hr,E,12,CCGGAGTATC,HCT-116,untreated,sample
109,Plate1,E13,24hr,E,13,CGGCAACTTA,H1299,Pac_H,sample
110,Plate1,E14,24hr,E,14,CGGTCGTATT,H1299,Pac_L,sample
111,Plate1,E15,24hr,E,15,GAAGGATTAG,H1299,Pac_M,sample
112,Plate1,E16,24hr,E,16,GAATCTTCTC,H1299,untreated,sample
113,Plate1,E17,24hr,E,17,GCATCCGATC,H1299,Peme_H,sample
114,Plate1,E18,24hr,E,18,GCCACGATTC,H1299,Peme_L,sample
115,Plate1,E19,24hr,E,19,GTATTGTGGA,H1299,Peme_M,sample
116,Plate1,E20,24hr,E,20,GTCCTTCGGT,H1299,untreated,sample
117,Plate1,E21,24hr,E,21,TATCGTTACG,HCT-116,Irin_H,sample
118,Plate1,E22,24hr,E,22,TCACAGATAC,HCT-116,Irin_L,sample
119,Plate1,E23,24hr,E,23,TGGAATGGAG,HCT-116,Irin_M,sample
120,Plate1,E24,24hr,E,24,TGTGACGTGC,HCT-116,untreated,sample
121,Plate1,F1,6hr,F,1,AACCGGAAGG,H1299,Cisp_M,sample
122,Plate1,F2,6hr,F,2,AACCTAGTCC,H1299,untreated,sample
123,Plate1,F3,6hr,F,3,ACAACCATAC,H1299,Cisp_L,sample
124,Plate1,F4,6hr,F,4,ACAAGCGCGA,H1299,Cisp_H,sample
125,Plate1,F5,6hr,F,5,ACTTCATCAC,H1299,Doc_M,sample
126,Plate1,F6,6hr,F,6,ACTTCTCCTG,H1299,untreated,sample
127,Plate1,F7,6hr,F,7,AGTGCAATGT,H1299,Doc_L,sample
128,Plate1,F8,6hr,F,8,ATAAGAGGTC,H1299,Doc_H,sample
129,Plate1,F9,6hr,F,9,CAAGCCAACG,HCT-116,5-FU_M,sample
130,Plate1,F10,6hr,F,10,CACAGTTCAT,HCT-116,untreated,sample
131,Plate1,F11,6hr,F,11,CCGCTAGCTT,HCT-116,5-FU_L,sample
132,Plate1,F12,6hr,F,12,CCGGCCAATT,HCT-116,5-FU_H,sample
133,Plate1,F13,24hr,F,13,CGGCTCATCA,H1299,Cisp_M,sample
134,Plate1,F14,24hr,F,14,CGGTGACATC,H1299,untreated,sample
135,Plate1,F15,24hr,F,15,GAATCGAGCC,H1299,Cisp_L,sample
136,Plate1,F16,24hr,F,16,GAATTACGGC,H1299,Cisp_H,sample
137,Plate1,F17,24hr,F,17,GCCAAGTACA,H1299,Doc_M,sample
138,Plate1,F18,24hr,F,18,GCCATAGGTT,H1299,untreated,sample
139,Plate1,F19,24hr,F,19,GTCCGCATCA,H1299,Doc_L,sample
140,Plate1,F20,24hr,F,20,GTCGCTCTCT,H1299,Doc_H,sample
141,Plate1,F21,24hr,F,21,TCAAGTGCAG,HCT-116,5-FU_M,sample
142,Plate1,F22,24hr,F,22,TCACCGCCTA,HCT-116,untreated,sample
143,Plate1,F23,24hr,F,23,TGTCATTCGC,HCT-116,5-FU_L,sample
144,Plate1,F24,24hr,F,24,TGTGCACTAA,HCT-116,5-FU_H,sample
145,Plate1,G1,6hr,G,1,AACCTCATAG,H1299,Carbo_M,sample
146,Plate1,G2,6hr,G,2,AACTCTACAC,H1299,untreated,sample
147,Plate1,G3,6hr,G,3,ACACAATCTC,H1299,Carbo_L,sample
148,Plate1,G4,6hr,G,4,ACACCGAATT,H1299,Carbo_H,sample
149,Plate1,G5,6hr,G,5,ACTTGAGGAA,H1299,Gem_M,sample
150,Plate1,G6,6hr,G,6,AGAACCACGG,H1299,untreated,sample
151,Plate1,G7,6hr,G,7,ATAAGGTGCA,H1299,Gem_L,sample
152,Plate1,G8,6hr,G,8,ATACCTCCGG,H1299,Gem_H,sample
153,Plate1,G9,6hr,G,9,CACGAGTCTG,HCT-116,Oxa_M,sample
154,Plate1,G10,6hr,G,10,CACTGAGCAC,HCT-116,untreated,sample
155,Plate1,G11,6hr,G,11,CCGGTCTCTA,HCT-116,Oxa_L,sample
156,Plate1,G12,6hr,G,12,CCGTCAGAAC,HCT-116,Oxa_H,sample
157,Plate1,G13,24hr,G,13,CGTAACGGAT,H1299,Carbo_M,sample
158,Plate1,G14,24hr,G,14,CGTACTGTAA,H1299,untreated,sample
159,Plate1,G15,24hr,G,15,GACCATCTAA,H1299,Carbo_L,sample
160,Plate1,G16,24hr,G,16,GAGAACGAAG,H1299,Carbo_H,sample
161,Plate1,G17,24hr,G,17,GCCATATCGA,H1299,Gem_M,sample
162,Plate1,G18,24hr,G,18,GCCTGGACAT,H1299,untreated,sample
163,Plate1,G19,24hr,G,19,GTCGGTGACA,H1299,Gem_L,sample
164,Plate1,G20,24hr,G,20,GTCTCTTAAG,H1299,Gem_H,sample
165,Plate1,G21,24hr,G,21,TCACGCCACT,HCT-116,Oxa_M,sample
166,Plate1,G22,24hr,G,22,TCATTGTCCA,HCT-116,untreated,sample
167,Plate1,G23,24hr,G,23,TGTGCTTCAG,HCT-116,Oxa_L,sample
168,Plate1,G24,24hr,G,24,TGTTGTGACT,HCT-116,Oxa_H,sample
169,Plate1,H1,6hr,H,1,AACGTAAGCT,H1299,Pac_M,sample
170,Plate1,H2,6hr,H,2,AACTGTGTCA,H1299,untreated,sample
171,Plate1,H3,6hr,H,3,ACACAGTGAA,H1299,Pac_L,sample
172,Plate1,H4,6hr,H,4,ACACGCAGTA,H1299,Pac_H,sample
173,Plate1,H5,6hr,H,5,ACTTGTAAGG,H1299,Peme_M,sample
174,Plate1,H6,6hr,H,6,AGAAGCAATC,H1299,untreated,sample
175,Plate1,H7,6hr,H,7,ATACACGACA,H1299,Peme_L,sample
176,Plate1,H8,6hr,H,8,ATAGCAGTGC,H1299,Peme_H,sample
177,Plate1,H9,6hr,H,9,CACGCTCCAA,HCT-116,Irin_M,sample
178,Plate1,H10,6hr,H,10,CAGATCAATG,HCT-116,untreated,sample
179,Plate1,H11,6hr,H,11,CCGTACGATG,HCT-116,Irin_L,sample
180,Plate1,H12,6hr,H,12,CCTAGACACG,HCT-116,Irin_H,sample
181,Plate1,H13,24hr,H,13,CGTAAGATTC,H1299,Pac_M,sample
182,Plate1,H14,24hr,H,14,CGTAGAAGAC,H1299,untreated,sample
183,Plate1,H15,24hr,H,15,GACGACCACA,H1299,Pac_L,sample
184,Plate1,H16,24hr,H,16,GAGACAAGGC,H1299,Pac_H,sample
185,Plate1,H17,24hr,H,17,GCCGTCAATA,H1299,Peme_M,sample
186,Plate1,H18,24hr,H,18,GCGTAATTAC,H1299,untreated,sample
187,Plate1,H19,24hr,H,19,GTCTCGAGTG,H1299,Peme_L,sample
188,Plate1,H20,24hr,H,20,GTCTTCCGAG,H1299,Peme_H,sample
189,Plate1,H21,24hr,H,21,TCACGTTGGC,HCT-116,Irin_M,sample
190,Plate1,H22,24hr,H,22,TCCACACTAG,HCT-116,untreated,sample
191,Plate1,H23,24hr,H,23,TGTTCAGGAT,HCT-116,Irin_L,sample
192,Plate1,H24,24hr,H,24,TTAACGCTGA,HCT-116,Irin_H,sample
193,Plate1,I1,6hr,I,1,AAGACGGATT,A549,Cisp_H,sample
194,Plate1,I2,6hr,I,2,AAGATGTCCA,A549,Cisp_L,sample
195,Plate1,I3,6hr,I,3,ACACGGTCCT,A549,Cisp_M,sample
196,Plate1,I4,6hr,I,4,ACAGTGCCAA,A549,untreated,sample
197,Plate1,I5,6hr,I,5,AGACCGTTAT,A549,Doc_H,sample
198,Plate1,I6,6hr,I,6,AGAGATGCAG,A549,Doc_L,sample
199,Plate1,I7,6hr,I,7,ATAGGCCATT,A549,Doc_M,sample
200,Plate1,I8,6hr,I,8,ATCAGCACTT,A549,untreated,sample
201,Plate1,I9,6hr,I,9,CAGTGCTCTT,Lovo,5-FU_H,sample
202,Plate1,I10,6hr,I,10,CATAGCTATC,Lovo,5-FU_L,sample
203,Plate1,I11,6hr,I,11,CCTAGTTGAG,Lovo,5-FU_M,sample
204,Plate1,I12,6hr,I,12,CCTCAACCGA,Lovo,untreated,sample
205,Plate1,I13,24hr,I,13,CGTCCTAGGA,A549,Cisp_H,sample
206,Plate1,I14,24hr,I,14,CGTGAGTTAT,A549,Cisp_L,sample
207,Plate1,I15,24hr,I,15,GAGACATCTT,A549,Cisp_M,sample
208,Plate1,I16,24hr,I,16,GAGTAGACCA,A549,untreated,sample
209,Plate1,I17,24hr,I,17,GCTATTATCC,A549,Doc_H,sample
210,Plate1,I18,24hr,I,18,GCTGCTTATA,A549,Doc_L,sample
211,Plate1,I19,24hr,I,19,GTGACTATAC,A549,Doc_M,sample
212,Plate1,I20,24hr,I,20,GTGTGCCTGT,A549,untreated,sample
213,Plate1,I21,24hr,I,21,TCCACGGTCA,Lovo,5-FU_H,sample
214,Plate1,I22,24hr,I,22,TCCGACTAAC,Lovo,5-FU_L,sample
215,Plate1,I23,24hr,I,23,TTACACACGT,Lovo,5-FU_M,sample
216,Plate1,I24,24hr,I,24,TTATAGGAGG,Lovo,untreated,sample
217,Plate1,J1,6hr,J,1,AAGATCGGCG,A549,Carbo_H,sample
218,Plate1,J2,6hr,J,2,AAGCATATGG,A549,Carbo_L,sample
219,Plate1,J3,6hr,J,3,ACACTTGCTG,A549,Carbo_M,sample
220,Plate1,J4,6hr,J,4,ACATGTGTGC,A549,untreated,sample
221,Plate1,J5,6hr,J,5,AGACTAGCAT,A549,Gem_H,sample
222,Plate1,J6,6hr,J,6,AGAGCTTACA,A549,Gem_L,sample
223,Plate1,J7,6hr,J,7,ATATCCGCAT,A549,Gem_M,sample
224,Plate1,J8,6hr,J,8,ATCAGCGAGG,A549,untreated,sample
225,Plate1,J9,6hr,J,9,CAGTTAAGCA,Lovo,Oxa_H,sample
226,Plate1,J10,6hr,J,10,CATCACCACC,Lovo,Oxa_L,sample
227,Plate1,J11,6hr,J,11,CCTATTCTGT,Lovo,Oxa_M,sample
228,Plate1,J12,6hr,J,12,CCTCCATAAG,Lovo,untreated,sample
229,Plate1,J13,24hr,J,13,CGTCGGCAAT,A549,Carbo_H,sample
230,Plate1,J14,24hr,J,14,CGTGTCAAGC,A549,Carbo_L,sample
231,Plate1,J15,24hr,J,15,GAGCGAGTCA,A549,Carbo_M,sample
232,Plate1,J16,24hr,J,16,GATACGCTTA,A549,untreated,sample
233,Plate1,J17,24hr,J,17,GCTCAGTAAT,A549,Gem_H,sample
234,Plate1,J18,24hr,J,18,GGAATAAGCA,A549,Gem_L,sample
235,Plate1,J19,24hr,J,19,GTGGTTAATG,A549,Gem_M,sample
236,Plate1,J20,24hr,J,20,GTGTGTGTCC,A549,untreated,sample
237,Plate1,J21,24hr,J,21,TCCACTCGCT,Lovo,Oxa_H,sample
238,Plate1,J22,24hr,J,22,TCCGTTATCT,Lovo,Oxa_L,sample
239,Plate1,J23,24hr,J,23,TTACTGTGAC,Lovo,Oxa_M,sample
240,Plate1,J24,24hr,J,24,TTATCGCGTT,Lovo,untreated,sample
241,Plate1,K1,6hr,K,1,AAGCGATGTT,A549,Pac_H,sample
242,Plate1,K2,6hr,K,2,AAGCTCACCT,A549,Pac_L,sample
243,Plate1,K3,6hr,K,3,ACCAGGACCA,A549,Pac_M,sample
244,Plate1,K4,6hr,K,4,ACCGAACCGT,A549,untreated,sample
245,Plate1,K5,6hr,K,5,AGAGTGTAAC,A549,Peme_H,sample
246,Plate1,K6,6hr,K,6,AGATAGTGCT,A549,Peme_L,sample
247,Plate1,K7,6hr,K,7,ATCCAATACG,A549,Peme_M,sample
248,Plate1,K8,6hr,K,8,ATCCGTCCAT,A549,untreated,sample
249,Plate1,K9,6hr,K,9,CATGTACGCC,Lovo,Irin_H,sample
250,Plate1,K10,6hr,K,10,CATTCGACGA,Lovo,Irin_L,sample
251,Plate1,K11,6hr,K,11,CCTGATGCCA,Lovo,Irin_M,sample
252,Plate1,K12,6hr,K,12,CCTTGTATTC,Lovo,untreated,sample
253,Plate1,K13,24hr,K,13,CTAACTTCAG,A549,Pac_H,sample
254,Plate1,K14,24hr,K,14,CTACACCAGG,A549,Pac_L,sample
255,Plate1,K15,24hr,K,15,GATAGACTGT,A549,Pac_M,sample
256,Plate1,K16,24hr,K,16,GATAGGTCAA,A549,untreated,sample
257,Plate1,K17,24hr,K,17,GGACGATGCT,A549,Peme_H,sample
258,Plate1,K18,24hr,K,18,GGCATTATTG,A549,Peme_L,sample
259,Plate1,K19,24hr,K,19,GTTCATTGCC,A549,Peme_M,sample
260,Plate1,K20,24hr,K,20,GTTCGTCGAA,A549,untreated,sample
261,Plate1,K21,24hr,K,21,TCCTAAGAGA,Lovo,Irin_H,sample
262,Plate1,K22,24hr,K,22,TCGAAGCATT,Lovo,Irin_L,sample
263,Plate1,K23,24hr,K,23,TTATGCCGCG,Lovo,Irin_M,sample
264,Plate1,K24,24hr,K,24,TTCAGGAGTA,Lovo,untreated,sample
265,Plate1,L1,6hr,L,1,AAGCGTTCAG,A549,Cisp_M,sample
266,Plate1,L2,6hr,L,2,AAGGCATGCG,A549,untreated,sample
267,Plate1,L3,6hr,L,3,ACCATAACAC,A549,Cisp_L,sample
268,Plate1,L4,6hr,L,4,ACCGAGAGTC,A549,Cisp_H,sample
269,Plate1,L5,6hr,L,5,AGAGTTCTGC,A549,Doc_M,sample
270,Plate1,L6,6hr,L,6,AGCAATGCGC,A549,untreated,sample
271,Plate1,L7,6hr,L,7,ATCCGCTGTG,A549,Doc_L,sample
272,Plate1,L8,6hr,L,8,ATCGACGGCT,A549,Doc_H,sample
273,Plate1,L9,6hr,L,9,CATTACACTG,Lovo,5-FU_M,sample
274,Plate1,L10,6hr,L,10,CCAACTATGG,Lovo,untreated,sample
275,Plate1,L11,6hr,L,11,CCTGCAATAC,Lovo,5-FU_L,sample
276,Plate1,L12,6hr,L,12,CGAGATCTCT,Lovo,5-FU_H,sample
277,Plate1,L13,24hr,L,13,CTAATAGCGT,A549,Cisp_M,sample
278,Plate1,L14,24hr,L,14,CTAGCACAAT,A549,untreated,sample
279,Plate1,L15,24hr,L,15,GATAGAGGCG,A549,Cisp_L,sample
280,Plate1,L16,24hr,L,16,GATATCAGGA,A549,Cisp_H,sample
281,Plate1,L17,24hr,L,17,GGCATCGTGA,A549,Doc_M,sample
282,Plate1,L18,24hr,L,18,GGCCGAGATT,A549,untreated,sample
283,Plate1,L19,24hr,L,19,GTTCCGGTGA,A549,Doc_L,sample
284,Plate1,L20,24hr,L,20,GTTGAATTGG,A549,Doc_H,sample
285,Plate1,L21,24hr,L,21,TCCTCTAGTA,Lovo,5-FU_M,sample
286,Plate1,L22,24hr,L,22,TCGAGAGAGC,Lovo,untreated,sample
287,Plate1,L23,24hr,L,23,TTCACGGAAG,Lovo,5-FU_L,sample
288,Plate1,L24,24hr,L,24,TTCCATCGAG,Lovo,5-FU_H,sample
289,Plate1,M1,6hr,M,1,AAGGTCTGGA,A549,Carbo_M,sample
290,Plate1,M2,6hr,M,2,AAGTTCCTTG,A549,untreated,sample
291,Plate1,M3,6hr,M,3,ACCGGTACAG,A549,Carbo_L,sample
292,Plate1,M4,6hr,M,4,ACCTCCGACA,A549,Carbo_H,sample
293,Plate1,M5,6hr,M,5,AGCATGTCAT,A549,Gem_M,sample
294,Plate1,M6,6hr,M,6,AGCCAGAATA,A549,untreated,sample
295,Plate1,M7,6hr,M,7,ATCGCGATTA,A549,Gem_L,sample
296,Plate1,M8,6hr,M,8,ATCTAAGGAG,A549,Gem_H,sample
297,Plate1,M9,6hr,M,9,CCAAGGAGTT,Lovo,Oxa_M,sample
298,Plate1,M10,6hr,M,10,CCACAAGTGC,Lovo,untreated,sample
299,Plate1,M11,6hr,M,11,CGAGGAACAA,Lovo,Oxa_L,sample
300,Plate1,M12,6hr,M,12,CGATCCTGTG,Lovo,Oxa_H,sample
301,Plate1,M13,24hr,M,13,CTATGAACGG,A549,Carbo_M,sample
302,Plate1,M14,24hr,M,14,CTCACCTGTC,A549,untreated,sample
303,Plate1,M15,24hr,M,15,GATCTCATTC,A549,Carbo_L,sample
304,Plate1,M16,24hr,M,16,GATGAGTGAC,A549,Carbo_H,sample
305,Plate1,M17,24hr,M,17,GGCGCTATAA,A549,Gem_M,sample
306,Plate1,M18,24hr,M,18,GGCTATTGAT,A549,untreated,sample
307,Plate1,M19,24hr,M,19,GTTGATCCGC,A549,Gem_L,sample
308,Plate1,M20,24hr,M,20,TAACCGTAGC,A549,Gem_H,sample
309,Plate1,M21,24hr,M,21,TCGCACTTGA,Lovo,Oxa_M,sample
310,Plate1,M22,24hr,M,22,TCGCGTAGCA,Lovo,untreated,sample
311,Plate1,M23,24hr,M,23,TTCGAGTGAT,Lovo,Oxa_L,sample
312,Plate1,M24,24hr,M,24,TTGGCAATTC,Lovo,Oxa_H,sample
313,Plate1,N1,6hr,N,1,AAGTTAGCGC,A549,Pac_M,sample
314,Plate1,N2,6hr,N,2,AATACCGGTA,A549,untreated,sample
315,Plate1,N3,6hr,N,3,ACCGTACTTC,A549,Pac_L,sample
316,Plate1,N4,6hr,N,4,ACCTCTCTCC,A549,Pac_H,sample
317,Plate1,N5,6hr,N,5,AGCCACTAGC,A549,Peme_M,sample
318,Plate1,N6,6hr,N,6,AGCCAGCTCT,A549,untreated,sample
319,Plate1,N7,6hr,N,7,ATCGGTAGGC,A549,Peme_L,sample
320,Plate1,N8,6hr,N,8,ATGACGGTAA,A549,Peme_H,sample
321,Plate1,N9,6hr,N,9,CCAATTGTTC,Lovo,Irin_M,sample
322,Plate1,N10,6hr,N,10,CCAGCTTAGT,Lovo,untreated,sample
323,Plate1,N11,6hr,N,11,CGATAACCGC,Lovo,Irin_L,sample
324,Plate1,N12,6hr,N,12,CGCCAACCAT,Lovo,Irin_H,sample
325,Plate1,N13,24hr,N,13,CTCAAGGACC,A549,Pac_M,sample
326,Plate1,N14,24hr,N,14,CTCCTATTGT,A549,untreated,sample
327,Plate1,N15,24hr,N,15,GATCTGGTCG,A549,Pac_L,sample
328,Plate1,N16,24hr,N,16,GATGGATACA,A549,Pac_H,sample
329,Plate1,N17,24hr,N,17,GGCGTTAAGT,A549,Peme_M,sample
330,Plate1,N18,24hr,N,18,GGCTGCTACT,A549,untreated,sample
331,Plate1,N19,24hr,N,19,GTTGTATGCT,A549,Peme_L,sample
332,Plate1,N20,24hr,N,20,TAACGTCGAT,A549,Peme_H,sample
333,Plate1,N21,24hr,N,21,TCGCCTACTG,Lovo,Irin_M,sample
334,Plate1,N22,24hr,N,22,TCGGCGTTAA,Lovo,untreated,sample
335,Plate1,N23,24hr,N,23,TTCTGTACCT,Lovo,Irin_L,sample
336,Plate1,N24,24hr,N,24,TTGGCTCCAC,Lovo,Irin_H,sample
337,Plate1,O1,6hr,O,1,AATAGCCACA,A549,0.1,sample
338,Plate1,O2,6hr,O,2,AATCCATCTG,A549,10,sample
339,Plate1,O3,6hr,O,3,ACCTGTCCGA,A549,UTR,sample
340,Plate1,O4,6hr,O,4,ACGAATGACA,A549,"0,1",sample
341,Plate1,O5,6hr,O,5,AGCGATAACG,A549,10,sample
342,Plate1,O6,6hr,O,6,AGCTATTCCA,A549,UTR,sample
343,Plate1,O7,6hr,O,7,ATGACTCAGT,A549,0.1,sample
344,Plate1,O8,6hr,O,8,ATGCGGACTG,A549,10,sample
345,Plate1,O9,6hr,O,9,CCATAACTTG,Lovo,10,sample
346,Plate1,O10,6hr,O,10,CCATAGATCA,Lovo,UTR,sample
347,Plate1,O11,6hr,O,11,CGCCAGTGTT,Lovo,0.1,sample
348,Plate1,O12,6hr,O,12,CGCGGATTCA,Lovo,10,sample
349,Plate1,O13,24hr,O,13,CTCGCAACGT,A549,0.1,sample
350,Plate1,O14,24hr,O,14,CTGGATTGAC,A549,10,sample
351,Plate1,O15,24hr,O,15,GATGTGACAG,A549,UTR,sample
352,Plate1,O16,24hr,O,16,GATTGCACGC,A549,"0,1",sample
353,Plate1,O17,24hr,O,17,GGTAATGTGT,A549,10,sample
354,Plate1,O18,24hr,O,18,GGTGTTCACC,A549,UTR,sample
355,Plate1,O19,24hr,O,19,TAAGGTACGG,A549,0.1,sample
356,Plate1,O20,24hr,O,20,TACTACCGCC,A549,10,sample
357,Plate1,O21,24hr,O,21,TCTACATCCG,Lovo,10,sample
358,Plate1,O22,24hr,O,22,TCTCTCCTAT,Lovo,UTR,sample
359,Plate1,O23,24hr,O,23,TTGGTAACAG,Lovo,0.1,sample
360,Plate1,O24,24hr,O,24,TTGTCGGCCA,Lovo,10,sample
361,Plate1,P1,6hr,P,1,AATCACGCGA,A549,none,sample
362,Plate1,P2,6hr,P,2,AATCCGCTCC,A549,none,sample
363,Plate1,P3,6hr,P,3,ACCTTATGTG,A549,none,sample
364,Plate1,P4,6hr,P,4,ACGCCTCAAC,A549,none,sample
365,Plate1,P5,6hr,P,5,AGCGTACAAT,A549,none,sample
366,Plate1,P6,6hr,P,6,AGCTCCTCAG,A549,none,sample
367,Plate1,P7,6hr,P,7,ATGCACCGGA,A549,none,sample
368,Plate1,P8,6hr,P,8,ATGCTTCCTA,A549,none,sample
369,Plate1,P9,6hr,P,9,CCATACTGAC,Lovo,0.1,sample
370,Plate1,P10,6hr,P,10,CCATGTGCTT,Lovo,10,sample
371,Plate1,P11,6hr,P,11,CGCCTTGTAC,Lovo,UTR,sample
372,Plate1,P12,6hr,P,12,CGCTTAAGGC,Lovo,0.1,sample
373,Plate1,P13,24hr,P,13,CTCGTGCCTA,A549,none,sample
374,Plate1,P14,24hr,P,14,CTGTAGTCAG,A549,none,sample
375,Plate1,P15,24hr,P,15,GATTAAGTCC,A549,none,sample
376,Plate1,P16,24hr,P,16,GCAAGCGAAT,A549,none,sample
377,Plate1,P17,24hr,P,17,GGTGGTTGGA,A549,none,sample
378,Plate1,P18,24hr,P,18,GGTTAGATCT,A549,none,sample
379,Plate1,P19,24hr,P,19,TACGGACATA,A549,none,sample
380,Plate1,P20,24hr,P,20,TACTGTCAAG,A549,none,sample
381,Plate1,P21,24hr,P,21,TCTCCACATT,Lovo,0.1,sample
382,Plate1,P22,24hr,P,22,TCTTGCTCGG,Lovo,10,sample
383,Plate1,P23,24hr,P,23,TTGGTCAGTA,Lovo,UTR,sample
384,Plate1,P24,24hr,P,24,TTGTGTTCGA,Lovo,0.1,sample